{
    "Number of People": {
        "label": "10 or more people",
        "images": [
            "I_001",
            "I_002",
            "I_005",
            "I_007",
            "I_012",
            "I_013"
        ]
    },
    "Characters": {
        "label": "Various ages and genders",
        "images": [
            "I_001",
            "I_002",
            "I_005",
            "I_007",
            "I_012",
            "I_013"
        ]
    },
    "Ethnicity": {
        "label": "Mixed race",
        "images": [
            "I_001",
            "I_002",
            "I_005",
            "I_007",
            "I_012",
            "I_013"
        ]
    },
    "Technique": [
        {
            "label": "Character animation",
            "images": [
                "I_001",
                "I_002",
                "I_005",
                "I_007",
                "I_012",
                "I_013"
            ]
        },
        {
            "label": "Humor",
            "images": [
                "I_001",
                "I_002",
                "I_003",
                "I_004",
                "I_005",
                "I_006",
                "I_008",
                "I_009",
                "I_010",
                "I_011",
                "I_012",
                "I_013"
            ]
        }
    ],
    "Color": {
        "label": "Vibrant",
        "images": [
            "I_001",
            "I_002",
            "I_005",
            "I_007",
            "I_010",
            "I_012",
            "I_013"
        ]
    },
    "Era": {
        "label": "Present",
        "images": [
            "I_001",
            "I_002",
            "I_003",
            "I_004",
            "I_005",
            "I_007",
            "I_009",
            "I_010",
            "I_012",
            "I_013"
        ]
    },
    "Background": [
        {
            "label": "Indoor",
            "images": [
                "I_001",
                "I_002",
                "I_005",
                "I_007",
                "I_012",
                "I_013"
            ]
        },
        {
            "label": "Outdoor",
            "images": [
                "I_003",
                "I_004"
            ]
        }
    ],
    "Perspective": [
        {
            "label": "Third-person perspective",
            "images": [
                "I_001",
                "I_002",
                "I_005",
                "I_007",
                "I_012",
                "I_013"
            ]
        },
        {
            "label": "Facing the camera",
            "images": [
                "I_001",
                "I_012"
            ]
        }
    ],
    "Angle": [
        {
            "label": "Long shot",
            "images": [
                "I_003",
                "I_004",
                "I_008"
            ]
        },
        {
            "label": "Close-up",
            "images": [
                "I_001",
                "I_002"
            ]
        }
    ],
    "Camera Movement": [
        {
            "label": "Static",
            "images": [
                "I_003",
                "I_004"
            ]
        },
        {
            "label": "Pan",
            "images": [
                "I_001",
                "I_002"
            ]
        }
    ],
    "Action": [
        {
            "label": "Laughing",
            "images": [
                "I_001",
                "I_002",
                "I_012"
            ]
        },
        {
            "label": "Reacting",
            "images": [
                "I_001",
                "I_002"
            ]
        }
    ],
    "Emotion Expression": [
        {
            "label": "Happy",
            "images": [
                "I_001",
                "I_002",
                "I_005",
                "I_007",
                "I_012",
                "I_013"
            ]
        },
        {
            "label": "Excited",
            "images": [
                "I_001",
                "I_012"
            ]
        }
    ],
    "Mood": [
        {
            "label": "Cheerful",
            "images": [
                "I_001",
                "I_002",
                "I_005",
                "I_007",
                "I_012",
                "I_013"
            ]
        },
        {
            "label": "Energetic",
            "images": [
                "I_001",
                "I_002",
                "I_012"
            ]
        }
    ],
    "Animals": {
        "label": "None",
        "images": []
    },
    "Composition": [
        {
            "label": "Rule of thirds",
            "images": [
                "I_001",
                "I_002",
                "I_005",
                "I_007",
                "I_013"
            ]
        },
        {
            "label": "Symmetry",
            "images": [
                "I_002",
                "I_012"
            ]
        }
    ],
    "Genre": [
        {
            "label": "Comedy",
            "images": [
                "I_001",
                "I_002",
                "I_003",
                "I_004",
                "I_005",
                "I_007",
                "I_009",
                "I_010",
                "I_012",
                "I_013"
            ]
        },
        {
            "label": "Parody",
            "images": [
                "I_002",
                "I_012"
            ]
        }
    ],
    "Editing Style": {
        "label": "Continuous",
        "images": [
            "I_001",
            "I_005",
            "I_007",
            "I_012",
            "I_013"
        ]
    },
    "Style": {
        "label": "Modern",
        "images": [
            "I_001",
            "I_002",
            "I_003",
            "I_004",
            "I_005",
            "I_007",
            "I_009",
            "I_012",
            "I_013"
        ]
    }
}