{
    "Number of People": {
        "label": "Multiple people",
        "images": [
            "IMG_001",
            "IMG_005",
            "IMG_008",
            "IMG_011",
            "IMG_016",
            "IMG_017"
        ]
    },
    "Characters": {
        "label": "Various ages and genders",
        "images": [
            "IMG_001",
            "IMG_004",
            "IMG_005",
            "IMG_008",
            "IMG_009",
            "IMG_011",
            "IMG_016",
            "IMG_017"
        ]
    },
    "Ethnicity": {
        "label": "Mixed race",
        "images": [
            "IMG_001",
            "IMG_004",
            "IMG_005",
            "IMG_008",
            "IMG_009",
            "IMG_011",
            "IMG_016",
            "IMG_017"
        ]
    },
    "Technique": [
        {
            "label": "Character animation",
            "images": [
                "IMG_001",
                "IMG_006",
                "IMG_009",
                "IMG_019"
            ]
        },
        {
            "label": "Humor",
            "images": [
                "IMG_001",
                "IMG_005",
                "IMG_006",
                "IMG_010",
                "IMG_019"
            ]
        }
    ],
    "Color": {
        "label": "Vibrant",
        "images": [
            "IMG_001",
            "IMG_004",
            "IMG_006",
            "IMG_008",
            "IMG_009",
            "IMG_011"
        ]
    },
    "Era": {
        "label": "Present",
        "images": [
            "IMG_001",
            "IMG_004",
            "IMG_005",
            "IMG_006",
            "IMG_008",
            "IMG_009",
            "IMG_011"
        ]
    },
    "Background": [
        {
            "label": "Outdoor",
            "images": [
                "IMG_001",
                "IMG_002",
                "IMG_004",
                "IMG_005",
                "IMG_006",
                "IMG_007",
                "IMG_008",
                "IMG_009",
                "IMG_011",
                "IMG_012",
                "IMG_016",
                "IMG_017",
                "IMG_018",
                "IMG_020",
                "IMG_022"
            ]
        }
    ],
    "Perspective": [
        {
            "label": "Third-person perspective",
            "images": [
                "IMG_001",
                "IMG_004",
                "IMG_005",
                "IMG_006",
                "IMG_008",
                "IMG_011",
                "IMG_016",
                "IMG_017",
                "IMG_019"
            ]
        }
    ],
    "Angle": [
        {
            "label": "Eye level",
            "images": [
                "IMG_001",
                "IMG_004",
                "IMG_005",
                "IMG_006",
                "IMG_008",
                "IMG_011",
                "IMG_016"
            ]
        },
        {
            "label": "Bird's eye view",
            "images": [
                "IMG_002",
                "IMG_007",
                "IMG_013"
            ]
        }
    ],
    "Camera Movement": [
        {
            "label": "Static",
            "images": [
                "IMG_001",
                "IMG_004",
                "IMG_005",
                "IMG_006",
                "IMG_008",
                "IMG_011",
                "IMG_016"
            ]
        }
    ],
    "Action": [
        {
            "label": "Standing",
            "images": [
                "IMG_001",
                "IMG_004",
                "IMG_005",
                "IMG_008",
                "IMG_011",
                "IMG_016"
            ]
        }
    ],
    "Emotion Expression": [
        {
            "label": "Serious",
            "images": [
                "IMG_004",
                "IMG_006",
                "IMG_011",
                "IMG_016"
            ]
        }
    ],
    "Mood": [
        {
            "label": "Mysterious",
            "images": [
                "IMG_002",
                "IMG_003",
                "IMG_012",
                "IMG_013",
                "IMG_018",
                "IMG_022"
            ]
        }
    ],
    "Animals": {
        "label": "None",
        "images": []
    },
    "Composition": [
        {
            "label": "Rule of thirds",
            "images": [
                "IMG_001",
                "IMG_004",
                "IMG_005",
                "IMG_006",
                "IMG_008",
                "IMG_011",
                "IMG_016"
            ]
        }
    ],
    "Genre": [
        {
            "label": "Comedy",
            "images": [
                "IMG_001",
                "IMG_005",
                "IMG_006",
                "IMG_010",
                "IMG_019"
            ]
        }
    ],
    "Editing Style": {
        "label": "Continuous",
        "images": [
            "IMG_001",
            "IMG_004",
            "IMG_005",
            "IMG_006",
            "IMG_008",
            "IMG_011",
            "IMG_016"
        ]
    },
    "Style": {
        "label": "Modern",
        "images": [
            "IMG_001",
            "IMG_004",
            "IMG_005",
            "IMG_006",
            "IMG_008",
            "IMG_011",
            "IMG_016"
        ]
    }
}